epoch,train_loss,val_loss,val_accuracy,epoch_time_s
1,4.161792,4.159465,1.000000,4166.41
2,4.159425,4.156900,1.000000,4166.44
3,4.159429,4.159908,1.000000,4165.96
