layer,head_0,head_1,head_2,head_3,head_4,head_5
0,0.9975696802139282,0.9984016418457031,0.996152400970459,0.9956496357917786,0.580147385597229,0.7287137508392334
1,0.3336736559867859,0.3330356478691101,0.33490312099456787,0.33457738161087036,0.334826797246933,0.33461010456085205
2,0.33261463046073914,0.3329855799674988,0.3347976803779602,0.3336043655872345,0.338737428188324,0.3349875211715698
3,0.3333773612976074,0.3387821316719055,0.3373539447784424,0.33501237630844116,0.33705586194992065,0.33560997247695923
4,0.3341445028781891,0.3355770409107208,0.338046669960022,0.3360814154148102,0.3345220685005188,0.33441030979156494
5,0.3344540596008301,0.3334776759147644,0.33282470703125,0.33549177646636963,0.3345760405063629,0.3347580134868622
