layer,head_0,head_1,head_2,head_3,head_4,head_5
0,0.9974257946014404,0.9981412887573242,0.9957793951034546,0.9937416911125183,0.5789538621902466,0.7287536859512329
1,0.3334367871284485,0.3343043923377991,0.3347068428993225,0.3356148600578308,0.3357416093349457,0.3336333632469177
2,0.3334750533103943,0.33377203345298767,0.33335912227630615,0.33536237478256226,0.3339637517929077,0.3364102840423584
3,0.33771735429763794,0.3347613215446472,0.3342573642730713,0.3337010443210602,0.3340296745300293,0.33250874280929565
4,0.3344440162181854,0.3339051604270935,0.33452528715133667,0.3317528963088989,0.33453917503356934,0.3353513479232788
5,0.33463507890701294,0.3350245952606201,0.33729299902915955,0.33499234914779663,0.3342970609664917,0.33461225032806396
