layer,head_0,head_1,head_2,head_3,head_4,head_5
0,0.9306185841560364,1.0872694253921509,0.8845170140266418,1.045823097229004,4.8319315910339355,4.246123790740967
1,5.242639064788818,5.243875980377197,5.243313312530518,5.2439656257629395,5.242748260498047,5.243893146514893
2,5.243818759918213,5.243461608886719,5.244024753570557,5.243845462799072,5.243891716003418,5.243704795837402
3,5.244006633758545,5.24346923828125,5.244038105010986,5.243647575378418,5.243965148925781,5.244017124176025
4,5.243875026702881,5.243892192840576,5.24384069442749,5.243496417999268,5.243793964385986,5.243829250335693
5,5.243859767913818,5.2439470291137695,5.2440056800842285,5.243792533874512,5.244030475616455,5.2439470291137695
