layer,head_0,head_1,head_2,head_3,head_4,head_5
0,1.028558373451233,1.1107604503631592,0.9154438972473145,0.9779921770095825,4.825133323669434,4.2647385597229
1,5.243968963623047,5.244029998779297,5.243812561035156,5.243770599365234,5.243776798248291,5.243918418884277
2,5.244045257568359,5.2438764572143555,5.24393367767334,5.243912696838379,5.243314743041992,5.243857383728027
3,5.243968963623047,5.243433952331543,5.243558883666992,5.243790149688721,5.2432355880737305,5.243795871734619
4,5.243962287902832,5.243722438812256,5.243288040161133,5.243686676025391,5.243922233581543,5.243888854980469
5,5.243792533874512,5.243921279907227,5.2440361976623535,5.243871688842773,5.2438273429870605,5.243906021118164
