epoch,train_loss,val_loss,val_accuracy,epoch_time_s
1,5.486777,5.472602,0.522400,2492.89
2,5.462436,5.451846,0.859200,2491.78
3,5.451420,5.446972,0.923100,2496.15
4,5.448002,5.444441,0.936500,2495.97
5,5.446193,5.442846,0.950400,2495.36
