epoch,train_loss,val_loss,val_accuracy,epoch_time_s
1,0.411963,0.340457,0.514531,25.99
2,0.340635,0.336573,0.517176,25.72
3,0.336133,0.333318,0.518343,25.72
4,0.334549,0.332133,0.519281,25.73
5,0.332074,0.331444,0.521048,25.71
6,0.331316,0.328762,0.524361,25.66
