layer,head_0,head_1,head_2,head_3,head_4,head_5
0,1.0,1.0,1.0,1.0,1.0,1.0
1,0.9999245405197144,0.9688810110092163,0.9966591000556946,0.9962927103042603,0.9988238215446472,0.9976557493209839
2,0.9683974981307983,0.9997212886810303,1.0,0.9748319387435913,0.9979490041732788,0.9860838055610657
3,1.0,0.9994813203811646,0.9984359741210938,0.9976161122322083,0.9998303651809692,0.9999995827674866
4,0.999902069568634,0.9993861317634583,1.0,0.9926035404205322,0.9604867696762085,0.999990701675415
5,0.997317373752594,0.9999985098838806,0.9989314675331116,0.9990167021751404,0.9740339517593384,0.9986254572868347
