{
  "checkpoint": "results/subtle_needle_1layer_softmax_seq128_nope_ascend/model.pt",
  "task": "needle",
  "attn": "softmax",
  "q": 1.0,
  "seq_len": 16384,
  "val_samples": 2000,
  "seed": 42,
  "accuracy_fixed": 1.0,
  "accuracy_all": 0.00021894582377458849,
  "accuracy_input_echo": 0.00013739777344644677,
  "output_token_count": 2000,
  "input_token_count": 24520048,
  "all_token_count": 24522048,
  "output_start_stats": {
    "n": 2000,
    "min": 8188,
    "max": 16364,
    "mean": 12260.0244140625
  }
}
