{
  "checkpoint": "results/needle_softmax_seq512_ascend/model.pt",
  "task": "needle",
  "attn": "softmax",
  "q": 1.0,
  "seq_len": 512,
  "val_samples": 5000,
  "seed": 42,
  "accuracy_fixed": 0.9992,
  "accuracy_all": 0.010721649484536083,
  "accuracy_input_echo": 0.008101775775245163,
  "output_token_count": 5000,
  "input_token_count": 1886500,
  "all_token_count": 1891500,
  "output_start_stats": {
    "n": 5000,
    "min": 252,
    "max": 504,
    "mean": 377.29998779296875
  }
}
