{
  "checkpoint": "results/top3_needle_1layer_stieltjes_q4.0_seq512_arr500_ascend/model.pt",
  "task": "top3_needle",
  "attn": "stieltjes",
  "q": 4.0,
  "seq_len": 8192,
  "val_samples": 1000,
  "seed": 42,
  "accuracy_fixed": 0.9996666666666667,
  "accuracy_all": 0.023110651075668533,
  "accuracy_input_echo": 0.01535296189298472,
  "output_token_count": 3000,
  "input_token_count": 377647,
  "all_token_count": 380647,
  "output_start_stats": {
    "n": 1000,
    "min": 250,
    "max": 500,
    "mean": 377.6470031738281
  }
}
