{
  "checkpoint": "results/subtle_needle_1layer_stieltjes_q8.0_seq2048_nope_h100/model.pt",
  "task": "needle",
  "attn": "stieltjes",
  "q": 8.0,
  "seq_len": 2048,
  "val_samples": 2000,
  "seed": 42,
  "accuracy_fixed": 0.9815,
  "accuracy_all": 0.017970815279387313,
  "accuracy_input_echo": 0.017346263465376505,
  "output_token_count": 2000,
  "input_token_count": 3085506,
  "all_token_count": 3087506,
  "output_start_stats": {
    "n": 2000,
    "min": 1020,
    "max": 2040,
    "mean": 1542.7530517578125
  }
}
