layer,head_0,head_1,head_2,head_3,head_4,head_5
0,0.0017228160286322236,0.0008434583432972431,0.0005730788107030094,0.0020215343683958054,0.0009245316032320261,0.0010179722448810935
1,0.045544881373643875,0.02845642901957035,0.09158159792423248,0.053632304072380066,0.03364010155200958,0.017095012590289116
2,0.04562310874462128,0.05200635641813278,0.034066155552864075,0.017770174890756607,0.021455520763993263,0.02720152772963047
3,0.04175518453121185,0.020074287429451942,0.013101167976856232,0.007578011602163315,0.018918372690677643,0.01583741419017315
4,0.0063274274580180645,0.07812769711017609,0.017540648579597473,0.008964691311120987,0.009893475100398064,0.00994434580206871
5,0.6892066597938538,0.00017744553042575717,0.33219653367996216,0.0004718893032986671,0.0012864634627476335,0.002497149398550391
