epoch,train_loss,val_loss,val_accuracy,epoch_time_s
1,4.864341,4.860497,0.000000,3702.66
2,4.858680,4.857066,0.010000,3702.84
3,4.856862,4.857892,0.008000,3702.41
