{
  "checkpoint": "results/subtle_needle_1head_stieltjes_q16.0_seq128_d64_nope_ascend/model.pt",
  "task": "needle",
  "attn": "stieltjes",
  "q": 16.0,
  "seq_len": 16384,
  "val_samples": 2000,
  "seed": 42,
  "accuracy_fixed": 0.0,
  "accuracy_all": 0.007881274842949496,
  "accuracy_input_echo": 0.007881917686294905,
  "output_token_count": 2000,
  "input_token_count": 24520048,
  "all_token_count": 24522048,
  "output_start_stats": {
    "n": 2000,
    "min": 8188,
    "max": 16364,
    "mean": 12260.0244140625
  }
}
