{
  "checkpoint": "results/max_1layer_stieltjes_q24.0_seq512_nope_ascend/model.pt",
  "task": "max",
  "attn": "stieltjes",
  "q": 24.0,
  "seq_len": 1024,
  "val_samples": 2000,
  "seed": 42,
  "accuracy_fixed": 0.9995,
  "accuracy_all": 0.01714045616937153,
  "accuracy_input_echo": 0.015606493687993486,
  "output_token_count": 2000,
  "input_token_count": 1280813,
  "all_token_count": 1282813,
  "output_start_stats": {
    "n": 2000,
    "min": 256,
    "max": 1016,
    "mean": 640.406494140625
  }
}
