epoch,train_loss,val_loss,val_accuracy,epoch_time_s
1,4.174101,4.204229,0.999500,1960.48
2,4.162926,4.169961,1.000000,1961.26
3,4.163436,4.219000,0.964000,1960.24
4,4.165008,4.172402,0.998000,1961.47
5,4.165253,4.173152,0.001500,1960.07
6,4.164978,4.175832,0.001500,1960.44
7,4.164542,4.177393,0.066000,1958.98
8,4.164162,4.174455,0.000500,1959.33
