layer,head_0,head_1,head_2,head_3,head_4,head_5
0,0.15912921726703644,0.03989127650856972,0.0936480388045311,0.02259484864771366,0.026627520099282265,0.16122260689735413
1,0.035893794149160385,0.05964668467640877,0.08637776225805283,0.053080733865499496,0.08402035385370255,0.09764065593481064
2,0.048352792859077454,0.06103811413049698,0.09136445075273514,0.09634537249803543,0.050411567091941833,0.03274400532245636
3,0.31997010111808777,0.059378527104854584,0.11618304997682571,0.1279764622449875,0.05256219953298569,0.0978776216506958
4,0.08946587890386581,0.11854374408721924,0.1302213817834854,0.08471411466598511,0.1908336877822876,0.09574165940284729
5,0.11234421283006668,0.06260742247104645,1.4375813007354736,0.19159699976444244,1.336256504058838,1.6074576377868652
