epoch,train_loss,val_loss,val_accuracy,epoch_time_s
1,4.858263,4.851221,0.000000,1958.01
2,4.852909,4.851110,0.000000,1958.38
3,4.852849,4.851569,0.000000,1957.61
4,4.853067,4.852038,0.000000,1958.18
5,4.852928,4.853311,0.000000,1957.47
6,4.852920,4.854395,0.000000,1957.60
7,4.852931,4.854417,0.000000,1955.94
8,4.852783,4.854181,0.000000,1956.39
