epoch,train_loss,val_loss,val_accuracy,epoch_time_s
1,4.162066,4.160602,0.999500,4191.26
2,4.159441,4.160642,0.994500,4189.29
3,4.159402,4.159553,0.992500,4187.02
