epoch,train_loss,val_loss,val_accuracy,epoch_time_s
1,4.850509,4.860572,0.000000,1037.35
2,4.848628,4.846134,1.000000,1036.48
3,4.850137,4.852980,1.000000,1036.25
4,4.853290,4.854406,1.000000,1036.30
5,4.860332,4.862529,1.000000,1036.79
6,4.863599,4.861149,1.000000,1036.19
7,4.876167,4.946512,1.000000,1036.40
