{
  "checkpoint": "results/max_1layer_stieltjes_q4.0_seq2048_nope_h100/model.pt",
  "task": "max",
  "attn": "stieltjes",
  "q": 4.0,
  "seq_len": 2048,
  "val_samples": 5000,
  "seed": 42,
  "accuracy_fixed": 0.9994,
  "accuracy_all": 0.016447829329476374,
  "accuracy_input_echo": 0.015592697181493448,
  "output_token_count": 5000,
  "input_token_count": 5747370,
  "all_token_count": 5752370,
  "output_start_stats": {
    "n": 5000,
    "min": 256,
    "max": 2039,
    "mean": 1149.4739990234375
  }
}
