{
  "checkpoint": "results/max_1head_stieltjes_q16.0_seq128_d64_nope_ascend/model.pt",
  "task": "max",
  "attn": "stieltjes",
  "q": 16.0,
  "seq_len": 8192,
  "val_samples": 2000,
  "seed": 42,
  "accuracy_fixed": 0.048,
  "accuracy_all": 0.0008379111250138823,
  "accuracy_input_echo": 0.0008268700941899149,
  "output_token_count": 2000,
  "input_token_count": 8543059,
  "all_token_count": 8545059,
  "output_start_stats": {
    "n": 2000,
    "min": 258,
    "max": 8164,
    "mean": 4271.529296875
  }
}
