layer,head_0,head_1,head_2,head_3,head_4,head_5
0,0.9980805516242981,0.9987079501152039,0.9981284737586975,0.9960107803344727,0.584597647190094,0.7347865104675293
1,0.3329241871833801,0.33280327916145325,0.33465537428855896,0.33558154106140137,0.3344055712223053,0.33372068405151367
2,0.3333633840084076,0.33212733268737793,0.33315685391426086,0.331985741853714,0.3327837586402893,0.33212393522262573
3,0.33351612091064453,0.3343132734298706,0.3329838812351227,0.33378303050994873,0.3346654772758484,0.3358701169490814
4,0.33652353286743164,0.3332858383655548,0.3341768682003021,0.3320082724094391,0.33352625370025635,0.333108127117157
5,0.3330909311771393,0.336963951587677,0.3320015072822571,0.33359092473983765,0.3324020504951477,0.33183541893959045
