layer,head_0,head_1,head_2,head_3,head_4,head_5
0,1.944502592086792,1.9764422178268433,1.6833763122558594,2.10361385345459,6.192806720733643,5.585716247558594
1,6.626203536987305,6.626112937927246,6.626095771789551,6.626018524169922,6.626185894012451,6.626148700714111
2,6.626058578491211,6.626166820526123,6.626362323760986,6.626222610473633,6.626265525817871,6.626196384429932
3,6.626262664794922,6.6262526512146,6.626194953918457,6.626230716705322,6.626031398773193,6.626308441162109
4,6.626352310180664,6.626369476318359,6.6260552406311035,6.6262593269348145,6.626312732696533,6.626225471496582
5,6.626301288604736,6.626253128051758,6.626190185546875,6.626194953918457,6.6262736320495605,6.6263275146484375
