epoch,train_loss,val_loss,val_accuracy,epoch_time_s
1,4.160910,4.162917,1.000000,3676.46
2,4.159820,4.157063,1.000000,3675.16
3,4.160797,4.161157,1.000000,3675.15
