epoch,train_loss,val_loss,val_accuracy,epoch_time_s
1,4.844629,4.811135,0.799000,6.44
2,4.813078,4.807927,0.795500,4.85
3,4.807763,4.805284,0.804000,4.85
4,4.804601,4.804112,0.824000,4.84
5,4.802149,4.801760,0.893000,4.84
6,4.799644,4.799415,0.948500,4.84
7,4.800384,4.801239,0.897000,4.83
