{
  "checkpoint": "results/top3_needle_1layer_stieltjes_q16.0_seq512_arr500_ascend/model.pt",
  "task": "top3_needle",
  "attn": "stieltjes",
  "q": 16.0,
  "seq_len": 512,
  "val_samples": 1000,
  "seed": 42,
  "accuracy_fixed": 0.09133333333333334,
  "accuracy_all": 0.015686449650200843,
  "accuracy_input_echo": 0.015085516368460493,
  "output_token_count": 3000,
  "input_token_count": 377647,
  "all_token_count": 380647,
  "output_start_stats": {
    "n": 1000,
    "min": 250,
    "max": 500,
    "mean": 377.6470031738281
  }
}
