{
  "checkpoint": "results/max_1layer_softmax_seq2048_nope_h100/model.pt",
  "task": "max",
  "attn": "softmax",
  "q": 1.0,
  "seq_len": 4096,
  "val_samples": 2000,
  "seed": 42,
  "accuracy_fixed": 0.999,
  "accuracy_all": 0.016000440416973946,
  "accuracy_input_echo": 0.015549265003711987,
  "output_token_count": 2000,
  "input_token_count": 4357505,
  "all_token_count": 4359505,
  "output_start_stats": {
    "n": 2000,
    "min": 256,
    "max": 4086,
    "mean": 2178.75244140625
  }
}
