epoch,train_loss,val_loss,val_accuracy,epoch_time_s
1,4.162325,4.163254,1.000000,4156.06
2,4.159492,4.158111,1.000000,4152.47
3,4.159392,4.160664,1.000000,4150.28
