epoch,train_loss,val_loss,val_accuracy,epoch_time_s
1,4.162107,4.159306,1.000000,4178.10
2,4.159460,4.159034,1.000000,4162.96
3,4.159419,4.158365,1.000000,4160.45
