{
  "checkpoint": "results/max_1layer_stieltjes_q4.0_seq512_nope_h100/model.pt",
  "task": "max",
  "attn": "stieltjes",
  "q": 4.0,
  "seq_len": 2048,
  "val_samples": 2000,
  "seed": 42,
  "accuracy_fixed": 0.996,
  "accuracy_all": 0.018394760693659817,
  "accuracy_input_echo": 0.01582343820481831,
  "output_token_count": 2000,
  "input_token_count": 760391,
  "all_token_count": 762391,
  "output_start_stats": {
    "n": 2000,
    "min": 256,
    "max": 504,
    "mean": 380.19549560546875
  }
}
