N_CTX,Triton [FP16] (TFLOPS),Triton [FP8] (TFLOPS)
1024.000000,285.048182,371.898399
2048.000000,386.618825,466.340047
4096.000000,424.254941,510.861188
8192.000000,440.440152,551.936863
16384.000000,448.850466,566.219974
