N_CTX,Triton [FP16] (TFLOPS),Triton [FP8] (TFLOPS)
1024.000000,7.756043,7.638229
2048.000000,8.165420,8.031753
4096.000000,8.448673,8.291059
8192.000000,8.545634,8.397333
16384.000000,10.237349,12.873792
