N_CTX,Triton [FP16] (TFLOPS),Triton [FP8] (TFLOPS)
1024.000000,6.197334,6.122476
2048.000000,6.059929,6.720160
4096.000000,6.705622,6.945433
8192.000000,7.041503,7.032887
16384.000000,5.766160,5.682226
