N_CTX,Triton [FP16] (TFLOPS),Triton [FP8] (TFLOPS)
1024.000000,9.576414,14.180592
2048.000000,10.313334,11.881750
4096.000000,9.619619,8.356835
8192.000000,8.788196,8.663470
16384.000000,8.871352,8.715225
