N_CTX,Triton [FP16] (TFLOPS),Triton [FP8] (TFLOPS)
1024.000000,8.628036,9.041884
2048.000000,6.918083,7.891818
4096.000000,8.665218,8.243952
8192.000000,2.024419,5.899372
16384.000000,1.521467,8.559924
