N_CTX,Triton [FP16] (TFLOPS),Triton [FP8] (TFLOPS)
1024.000000,0.853681,0.864912
2048.000000,0.892733,0.747252
4096.000000,0.742479,0.819281
8192.000000,0.917522,0.897526
16384.000000,0.822308,0.565637
