N_CTX,Triton [FP16] (TFLOPS),Triton [FP8] (TFLOPS)
1024.000000,4.628793,4.812925
2048.000000,6.064346,6.041707
4096.000000,6.637476,6.637279
8192.000000,6.762433,6.766217
16384.000000,5.653088,5.553631
