N_CTX,Triton [FP16] (TFLOPS),Triton [FP8] (TFLOPS)
1024.000000,5.376131,5.421659
2048.000000,6.036345,5.520546
4096.000000,6.044428,5.548893
8192.000000,5.044148,5.002422
16384.000000,0.734188,0.728355
