N_CTX,Triton [FP16] (TFLOPS),Triton [FP8] (TFLOPS)
1024.000000,10.180350,10.683063
2048.000000,10.941110,12.528825
4096.000000,10.910901,12.514912
8192.000000,10.374467,12.493142
16384.000000,11.992962,13.349664
