N_CTX,Triton [FP16] (TFLOPS),Triton [FP8] (TFLOPS)
1024.000000,8.046626,8.350509
2048.000000,7.070417,8.548083
4096.000000,2.871897,5.811235
8192.000000,5.153833,8.471486
16384.000000,1.656101,8.738396
