{
  "checkpoint": "results/sorting_stieltjes_q8.0_seed1_initfix_h100/model.pt",
  "task": "sorting",
  "attn": "stieltjes",
  "q": 8.0,
  "seq_len": 128,
  "val_samples": 5000,
  "seed": 42,
  "accuracy_fixed": 0.9649700598802395,
  "accuracy_all": 0.5346706586826347,
  "accuracy_input_echo": 0.10437125748502994,
  "output_token_count": 50100,
  "input_token_count": 50100,
  "all_token_count": 100200,
  "output_start_stats": {
    "n": 5000,
    "min": 4,
    "max": 16,
    "mean": 10.020000457763672
  }
}
