layer,head_0,head_1,head_2,head_3,head_4,head_5
0,0.9970977306365967,0.9959409236907959,0.987313985824585,0.9874663352966309,0.5628217458724976,0.7045478820800781
1,0.32263249158859253,0.32107552886009216,0.3232586085796356,0.3236572742462158,0.3216978907585144,0.3220163583755493
2,0.3246012032032013,0.32419854402542114,0.3243119418621063,0.323712021112442,0.32402652502059937,0.32091444730758667
3,0.3216831386089325,0.32098716497421265,0.3231680393218994,0.32147839665412903,0.32173389196395874,0.32168346643447876
4,0.32230445742607117,0.32096952199935913,0.3236505389213562,0.32653287053108215,0.319925457239151,0.321622371673584
5,0.32136091589927673,0.3244624733924866,0.3216417729854584,0.3218928277492523,0.3225313127040863,0.3249949812889099
