layer,head_0,head_1,head_2,head_3,head_4,head_5
0,0.9956483840942383,0.9959994554519653,0.9879536032676697,0.9881190657615662,0.561489999294281,0.7010457515716553
1,0.32369083166122437,0.3208244740962982,0.3208385109901428,0.3208432197570801,0.3221397399902344,0.3219478726387024
2,0.32043588161468506,0.3197789788246155,0.3208479881286621,0.32541751861572266,0.3204038739204407,0.3247019052505493
3,0.3210204839706421,0.3209644556045532,0.3207762837409973,0.31996795535087585,0.3222256302833557,0.32544994354248047
4,0.32154008746147156,0.32332324981689453,0.3216884136199951,0.3205091655254364,0.3209726810455322,0.3267318904399872
5,0.3212304413318634,0.3209204077720642,0.3216676712036133,0.3222062587738037,0.31932786107063293,0.3217928409576416
