layer,head_0,head_1,head_2,head_3,head_4,head_5
0,0.6598961353302002,0.6826993823051453,0.5654337406158447,0.7559134364128113,3.465538501739502,3.030109167098999
1,3.8693363666534424,3.869931697845459,3.8698036670684814,3.869479179382324,3.869800567626953,3.8697352409362793
2,3.8699185848236084,3.870136022567749,3.8698761463165283,3.8685665130615234,3.869605541229248,3.8687057495117188
3,3.869396686553955,3.8698806762695312,3.869927406311035,3.869837760925293,3.8694329261779785,3.868772506713867
4,3.8696975708007812,3.869401454925537,3.869675874710083,3.8699259757995605,3.8696956634521484,3.868314504623413
5,3.869887113571167,3.8697667121887207,3.8696422576904297,3.8689160346984863,3.8701133728027344,3.869586229324341
