layer,head_0,head_1,head_2,head_3,head_4,head_5
0,0.5834270715713501,0.694740355014801,0.5984610319137573,0.7882062196731567,3.460299015045166,3.013705253601074
1,3.8695714473724365,3.8698997497558594,3.8695199489593506,3.869389057159424,3.869722843170166,3.8696470260620117
2,3.869173049926758,3.869371175765991,3.868870735168457,3.869211196899414,3.869478225708008,3.8697338104248047
3,3.869699239730835,3.8698620796203613,3.869339942932129,3.8697872161865234,3.8695709705352783,3.869471788406372
4,3.8688952922821045,3.8695755004882812,3.8694911003112793,3.868753433227539,3.8699347972869873,3.8696062564849854
5,3.869718074798584,3.869127035140991,3.8696515560150146,3.869277000427246,3.8695871829986572,3.8691864013671875
