{
  "checkpoint": "results/max_1head_stieltjes_q64.0_seq128_d64_nope_ascend/model.pt",
  "task": "max",
  "attn": "stieltjes",
  "q": 64.0,
  "seq_len": 512,
  "val_samples": 2000,
  "seed": 42,
  "accuracy_fixed": 0.9965,
  "accuracy_all": 0.009942404881484698,
  "accuracy_input_echo": 0.007347535675724726,
  "output_token_count": 2000,
  "input_token_count": 760391,
  "all_token_count": 762391,
  "output_start_stats": {
    "n": 2000,
    "min": 256,
    "max": 504,
    "mean": 380.19549560546875
  }
}
