{
  "checkpoint": "results/max_1head_stieltjes_q24.0_seq128_d64_nope_ascend/model.pt",
  "task": "max",
  "attn": "stieltjes",
  "q": 24.0,
  "seq_len": 16384,
  "val_samples": 2000,
  "seed": 42,
  "accuracy_fixed": 0.3415,
  "accuracy_all": 0.004696590241537134,
  "accuracy_input_echo": 0.004656326142594317,
  "output_token_count": 2000,
  "input_token_count": 16729713,
  "all_token_count": 16731713,
  "output_start_stats": {
    "n": 2000,
    "min": 286,
    "max": 16375,
    "mean": 8364.8564453125
  }
}
