{
  "checkpoint": "results/max_1head_stieltjes_q24.0_seq128_d64_nope_ascend/model.pt",
  "task": "max",
  "attn": "stieltjes",
  "q": 24.0,
  "seq_len": 8192,
  "val_samples": 2000,
  "seed": 42,
  "accuracy_fixed": 0.7115,
  "accuracy_all": 0.005546363108786025,
  "accuracy_input_echo": 0.005381093587203366,
  "output_token_count": 2000,
  "input_token_count": 8543059,
  "all_token_count": 8545059,
  "output_start_stats": {
    "n": 2000,
    "min": 258,
    "max": 8164,
    "mean": 4271.529296875
  }
}
