epoch,train_loss,val_loss,val_accuracy,epoch_time_s
1,4.859267,4.855292,0.000000,2803.74
2,4.855124,4.854041,0.006000,2803.03
3,4.854094,4.853720,0.010000,2803.74
4,4.853697,4.853644,0.010000,2802.73
5,4.853413,4.853765,0.006000,2802.72
